date,maxtemp,mintemp,atobstemp,avgtemp,avgtempdiff,precip,snow,snowdepth
2017-01-01,38,25,31,31.5,7.3,Trace,Trace,1
2017-01-02,40,21,30,30.5,6.4,0,0,1
2017-01-03,37,22,35,29.5,5.6,0.09,0,Trace
2017-01-04,41,35,40,38,14.2,0.37,0,0
2017-01-05,40,17,18,28.5,4.8,0.01,0.4,Trace
2017-01-06,25,11,12,18,-5.6,0.03,1,1
2017-01-07,18,3,4,10.5,-13,0,0,1
2017-01-08,21,4,8,12.5,-10.9,0,0,1
2017-01-09,17,1,6,9,-14.3,Trace,0.2,Trace
2017-01-10,20,6,18,13,-10.3,0,0,Trace
2017-01-11,39,18,39,28.5,5.3,0.06,0.5,1
2017-01-12,48,39,47,43.5,20.3,0.02,0,0
2017-01-13,51,29,29,40,16.9,0.43,0,0
2017-01-14,29,18,19,23.5,0.4,Trace,Trace,Trace
2017-01-15,28,17,25,22.5,-0.6,0,0,0
2017-01-16,28,12,19,20,-3,0,0,0
2017-01-17,42,19,34,30.5,7.5,0,0,0
2017-01-18,38,34,37,36,13,0.43,0,0
2017-01-19,39,33,33,36,13,0.05,0,0
2017-01-20,36,32,33,34,10.9,0.01,0,0
2017-01-21,40,33,40,36.5,13.4,Trace,0,0
2017-01-22,54,36,36,45,21.9,0,0,0
2017-01-23,58,36,40,47,23.9,0,0,0
2017-01-24,40,29,29,34.5,11.3,0.91,3.6,4
2017-01-25,31,27,30,29,5.8,0.18,2.4,6
2017-01-26,40,30,39,35,11.7,0,0,3
2017-01-27,40,32,32,36,12.7,0.02,Trace,1
2017-01-28,33,27,28,30,6.6,0.01,0.2,Trace
2017-01-29,29,27,28,28,4.6,0.01,0.1,Trace
2017-01-30,31,15,19,23,-0.5,0.01,0.5,1
2017-01-31,23,7,17,15,-8.6,Trace,Trace,1
2017-02-01,33,17,32,25,1.4,0.05,0.6,2
2017-02-02,37,22,26,29.5,5.8,Trace,Trace,2
2017-02-03,29,17,17,23,-0.8,0.04,0.8,3
2017-02-04,22,12,12,17,-6.9,Trace,Trace,2
2017-02-05,28,12,27,20,-4,0,0,1
2017-02-06,34,22,22,28,3.9,Trace,Trace,1
2017-02-07,37,22,31,29.5,5.3,Trace,0,1
2017-02-08,51,31,45,41,16.7,0.28,0,0
2017-02-09,45,15,15,30,5.6,0.26,2.2,2
2017-02-10,17,13,16,15,-9.5,Trace,0.3,2
2017-02-11,28,16,28,22,-2.6,0.04,0.4,2
2017-02-12,41,28,34,34.5,9.8,0.14,0,0
2017-02-13,36,25,26,30.5,5.6,0.69,4,4
2017-02-14,27,17,19,22,-3,0.01,0.2,3
2017-02-15,43,19,35,31,5.9,0.01,0,2
2017-02-16,37,18,18,27.5,2.2,0.12,2,4
2017-02-17,23,18,20,20.5,-4.9,Trace,0.5,4
2017-02-18,36,20,36,28,2.4,0,0,2
2017-02-19,64,30,32,47,21.3,0,0,0
2017-02-20,56,31,31,43.5,17.6,0,0,0
2017-02-21,40,22,32,31,4.9,0,0,0
2017-02-22,47,32,40,39.5,13.2,0.01,0,0
2017-02-23,60,40,48,50,23.5,0,0,0
2017-02-24,67,41,42,54,27.3,0,0,0
2017-02-25,73,42,62,57.5,30.6,0,0,0
2017-02-26,64,25,25,44.5,17.4,0.55,Trace,0
2017-02-27,34,24,33,29,1.7,Trace,Trace,0
2017-02-28,50,33,36,41.5,14,0.02,0,0
2017-03-01,60,35,55,47.5,19.7,0,0,0
2017-03-02,65,24,25,44.5,16.5,0.04,Trace,Trace
2017-03-03,33,12,12,22.5,-5.7,0.01,0.2,Trace
2017-03-04,27,12,12,19.5,-9,0.05,1.5,2
2017-03-05,14,-5,-5,4.5,-24.3,0.02,0.4,1
2017-03-06,30,-5,26,12.5,-16.6,0,0,Trace
2017-03-07,51,26,41,38.5,9.2,0.1,0,0
2017-03-08,53,34,35,43.5,13.9,0.52,0,0
2017-03-09,52,34,34,43,13.1,0,0,0
2017-03-10,43,27,27,35,4.8,Trace,Trace,Trace
2017-03-11,27,7,9,17,-13.6,0.06,1.2,1
2017-03-12,17,8,8,12.5,-18.4,0.04,1,1
2017-03-13,19,5,6,12,-19.2,Trace,0.3,1
2017-03-14,28,6,18,17,-14.6,0.31,3,3
2017-03-15,19,14,14,16.5,-15.4,0.71,9.8,12
2017-03-16,20,14,19,17,-15.3,0.1,2.6,13
2017-03-17,31,9,9,20,-12.6,0,0,11
2017-03-18,38,6,28,22,-11,0,0,9
2017-03-19,31,28,30,29.5,-3.9,Trace,Trace,8
2017-03-20,41,12,13,26.5,-7.3,0,0,7
2017-03-21,40,13,32,26.5,-7.7,0,0,6
2017-03-22,48,18,18,33,-1.6,0.02,0.4,4
2017-03-23,21,5,5,13,-22,Trace,Trace,3
2017-03-24,37,5,35,21,-14.4,Trace,Trace,2
2017-03-25,48,32,35,40,4.2,0.57,0,1
2017-03-26,36,33,36,34.5,-1.7,0.34,0,Trace
2017-03-27,42,36,39,39,2.4,0.12,0,0
2017-03-28,57,39,44,48,11,Trace,0,0
2017-03-29,51,32,32,41.5,4.1,0.04,0,0
2017-03-30,46,24,26,35,-2.9,0,0,0
2017-03-31,45,26,38,35.5,-2.8,0.21,0,0
2017-04-01,40,34,34,37,-1.7,0.39,0,0
2017-04-02,36,26,26,31,-8.2,0,0,0
2017-04-03,56,26,34,41,1.4,0,0,0
2017-04-04,63,34,50,48.5,8.5,0.3,0,0
2017-04-05,64,41,41,52.5,12.1,0.08,0,0
2017-04-06,52,39,46,45.5,4.6,0,0,0
2017-04-07,47,32,32,39.5,-1.8,1.2,0.4,Trace
2017-04-08,35,30,32,32.5,-9.2,0.11,Trace,Trace
2017-04-09,47,26,31,36.5,-5.6,0,0,0
2017-04-10,69,31,53,50,7.4,0,0,0
2017-04-11,79,53,55,66,23,0,0,0
2017-04-12,78,49,49,63.5,20.1,0.04,0,0
2017-04-13,54,36,36,45,1.2,0,0,0
2017-04-14,49,29,33,39,-5.2,0,0,0
2017-04-15,62,33,51,47.5,2.9,0,0,0
2017-04-16,70,51,62,60.5,15.5,0.08,0,0
2017-04-17,80,50,50,65,19.6,0.19,0,0
2017-04-18,58,35,35,46.5,0.7,0,0,0
2017-04-19,58,34,46,46,-0.2,0,0,0
2017-04-20,54,46,49,50,3.4,0.31,0,0
2017-04-21,57,44,56,50.5,3.5,1.66,0,0
2017-04-22,64,41,41,52.5,5.1,0.09,0,0
2017-04-23,46,28,35,37,-10.7,0,0,0
2017-04-24,67,32,36,49.5,1.4,0,0,0
2017-04-25,67,36,51,51.5,3,Trace,0,0
2017-04-26,61,47,53,54,5.2,0.04,0,0
2017-04-27,76,53,57,64.5,15.3,0,0,0
2017-04-28,76,54,56,65,15.5,0.1,0,0
2017-04-29,75,56,59,65.5,15.6,0,0,0
2017-04-30,61,37,43,49,-1.2,0,0,0
2017-05-01,66,43,59,54.5,3.9,0,0,0
2017-05-02,74,47,50,60.5,9.6,1.02,0,0
2017-05-03,59,44,44,51.5,0.2,0.11,0,0
2017-05-04,53,29,33,41,-10.6,0,0,0
2017-05-05,53,33,46,43,-8.9,0.3,0,0
2017-05-06,60,46,55,53,0.7,0.41,0,0
2017-05-07,55,40,40,47.5,-5.1,0.47,0,0
2017-05-08,44,35,35,39.5,-13.4,0.15,0,0
2017-05-09,48,31,34,39.5,-13.7,0,0,0
2017-05-10,54,34,38,44,-9.5,0,0,0
2017-05-11,53,34,37,43.5,-10.4,0,0,0
2017-05-12,62,37,46,49.5,-4.7,0,0,0
2017-05-13,63,46,48,54.5,0,0.18,0,0
2017-05-14,52,41,45,46.5,-8.3,0.01,0,0
2017-05-15,59,44,46,51.5,-3.6,0.34,0,0
2017-05-16,62,38,42,50,-5.5,0,0,0
2017-05-17,68,42,62,55,-0.8,0.01,0,0
2017-05-18,88,60,68,74,17.9,0,0,0
2017-05-19,89,60,66,74.5,18.1,0.09,0,0
2017-05-20,71,47,50,59,2.3,0,0,0
2017-05-21,68,45,58,56.5,-0.6,0,0,0
2017-05-22,65,51,53,58,0.6,0.01,0,0
2017-05-23,69,39,44,54,-3.7,0.22,0,0
2017-05-24,72,44,49,58,0,0,0,0
2017-05-25,73,49,56,61,2.7,0,0,0
2017-05-26,61,54,56,57.5,-1.1,0.3,0,0
2017-05-27,61,55,57,58,-1,0.04,0,0
2017-05-28,65,50,57,57.5,-1.8,0.01,0,0
2017-05-29,75,55,55,65,5.4,0.13,0,0
2017-05-30,70,55,61,62.5,2.6,0.07,0,0
2017-05-31,66,56,59,61,0.7,0.6,0,0
2017-06-01,71,45,51,58,-2.6,0.14,0,0
2017-06-02,70,40,45,55,-5.9,0,0,0
2017-06-03,64,41,45,52.5,-8.7,0,0,0
2017-06-04,67,39,45,53,-8.5,0,0,0
2017-06-05,67,45,61,56,-5.8,0.2,0,0
2017-06-06,74,54,54,64,1.9,0.3,0,0
2017-06-07,64,49,53,56.5,-5.9,0.12,0,0
2017-06-08,70,43,52,56.5,-6.2,0,0,0
2017-06-09,76,47,50,61.5,-1.5,0,0,0
2017-06-10,76,50,61,63,-0.3,0,0,0
2017-06-11,84,61,61,72.5,8.9,0,0,0
2017-06-12,89,61,67,75,11.1,0,0,0
2017-06-13,90,63,69,76.5,12.3,0,0,0
2017-06-14,83,58,58,70.5,6,0,0,0
2017-06-15,77,48,56,62.5,-2.3,0,0,0
2017-06-16,77,55,60,66,1,0.25,0,0
2017-06-17,75,59,69,67,1.7,0.01,0,0
2017-06-18,83,69,72,76,10.5,0,0,0
2017-06-19,87,68,68,77.5,11.7,0.77,0,0
2017-06-20,74,57,62,65.5,-0.5,0.85,0,0
2017-06-21,75,56,61,65.5,-0.7,0.02,0,0
2017-06-22,74,49,57,61.5,-5,0,0,0
2017-06-23,82,57,71,69.5,2.8,0,0,0
2017-06-24,78,60,62,69,2.1,0.39,0,0
2017-06-25,78,54,57,66,-1.1,0,0,0
2017-06-26,73,48,53,60.5,-6.7,0.28,0,0
2017-06-27,71,50,53,60.5,-6.9,0.28,0,0
2017-06-28,67,46,54,56.5,-11.1,0.08,0,0
2017-06-29,76,54,61,65,-2.7,0,0,0
2017-06-30,80,61,71,70.5,2.6,0,0,0
2017-07-01,81,66,67,73.5,5.5,0.35,0,0
2017-07-02,80,60,62,70,1.9,0.18,0,0
2017-07-03,81,57,61,69,0.7,0.01,0,0
2017-07-04,77,51,54,64,-4.4,0,0,0
2017-07-05,78,49,55,63.5,-5,0,0,0
2017-07-06,82,55,68,68.5,-0.1,0,0,0
2017-07-07,77,65,68,71,2.4,0,0,0
2017-07-08,81,64,69,72.5,3.8,0,0,0
2017-07-09,75,49,60,62,-6.8,0,0,0
2017-07-10,78,53,61,65.5,-3.3,0,0,0
2017-07-11,79,61,65,70,1.1,0.1,0,0
2017-07-12,83,64,67,73.5,4.6,0,0,0
2017-07-13,81,67,72,74,5,0.18,0,0
2017-07-14,75,65,69,70,1,2.08,0,0
2017-07-15,83,61,63,72,3,0.88,0,0
2017-07-16,74,55,59,64.5,-4.5,0,0,0
2017-07-17,82,59,66,70.5,1.5,0,0,0
2017-07-18,82,59,60,70.5,1.5,0.28,0,0
2017-07-19,84,57,60,70.5,1.5,0,0,0
2017-07-20,85,60,66,72.5,3.5,0,0,0
2017-07-21,83,64,72,73.5,4.5,0.6,0,0
2017-07-22,85,62,63,73.5,4.5,0,0,0
2017-07-23,77,60,64,68.5,-0.5,0,0,0
2017-07-24,81,64,64,72.5,3.5,1.16,0,0
2017-07-25,77,59,60,68,-1,0.67,0,0
2017-07-26,64,58,60,61,-7.9,0.07,0,0
2017-07-27,74,60,63,67,-1.9,0.01,0,0
2017-07-28,77,62,63,69.5,0.6,0.08,0,0
2017-07-29,74,52,53,63,-5.8,0,0,0
2017-07-30,74,46,50,60,-8.8,0,0,0
2017-07-31,78,50,57,64,-4.7,0,0,0
2017-08-01,82,57,60,69.5,0.8,0,0,0
2017-08-02,84,60,61,72,3.3,0,0,0
2017-08-03,84,61,65,72.5,3.9,0.02,0,0
2017-08-04,83,65,68,74,5.4,0,0,0
2017-08-05,84,61,64,72.5,4,0.4,0,0
2017-08-06,69,48,50,58.5,-10,0,0,0
2017-08-07,75,50,58,62.5,-5.9,0,0,0
2017-08-08,72,57,60,64.5,-3.8,Trace,0,0
2017-08-09,73,50,52,61.5,-6.8,0,0,0
2017-08-10,81,52,56,66.5,-1.7,0,0,0
2017-08-11,80,56,64,68,-0.1,0,0,0
2017-08-12,76,63,65,69.5,1.4,0,0,0
2017-08-13,80,58,63,69,1,0.82,0,0
2017-08-14,76,54,55,65,-2.9,0,0,0
2017-08-15,78,55,66,66.5,-1.3,0,0,0
2017-08-16,82,57,58,69.5,1.8,0.33,0,0
2017-08-17,76,50,52,63,-4.6,0,0,0
2017-08-18,81,51,73,66,-1.5,0.01,0,0
2017-08-19,84,61,64,72.5,5.1,0.02,0,0
2017-08-20,78,61,61,69.5,2.3,0.31,0,0
2017-08-21,81,57,59,69,1.9,0,0,0
2017-08-22,82,58,69,70,3,Trace,0,0
2017-08-23,86,53,54,69.5,2.7,0.46,0,0
2017-08-24,74,49,50,61.5,-5.2,0,0,0
2017-08-25,70,48,49,59,-7.5,0,0,0
2017-08-26,71,42,42,56.5,-9.8,0,0,0
2017-08-27,71,41,43,56,-10.1,0,0,0
2017-08-28,73,43,49,58,-7.9,0,0,0
2017-08-29,70,49,50,59.5,-6.2,0,0,0
2017-08-30,68,45,46,56.5,-9,0,0,0
2017-08-31,74,46,57,60,-5.3,0,0,0
2017-09-01,66,39,40,52.5,-12.5,0.09,0,0
2017-09-02,61,35,38,48,-16.8,0,0,0
2017-09-03,68,38,54,53,-11.5,0.28,0,0
2017-09-04,65,53,54,59,-5.2,0.18,0,0
2017-09-05,78,54,62,66,2.1,0.16,0,0
2017-09-06,63,51,55,57,-6.6,1.11,0,0
2017-09-07,63,51,51,57,-6.3,0.06,0,0
2017-09-08,66,47,51,56.5,-6.5,0.03,0,0
2017-09-09,62,48,49,55,-7.7,0.09,0,0
2017-09-10,58,40,42,49,-13.3,0,0,0
2017-09-11,63,35,38,49,-13,0,0,0
2017-09-12,73,38,45,55.5,-6.1,0,0,0
2017-09-13,77,45,48,61,-0.2,0,0,0
2017-09-14,77,48,63,62.5,1.6,0.05,0,0
2017-09-15,70,53,54,61.5,1,0.05,0,0
2017-09-16,78,54,57,66,5.9,0,0,0
2017-09-17,79,56,57,67.5,7.8,0,0,0
2017-09-18,83,57,58,70,10.7,0,0,0
2017-09-19,82,57,58,69.5,10.6,0,0,0
2017-09-20,80,50,52,65,6.5,0,0,0
2017-09-21,78,51,63,64.5,6.4,0,0,0
2017-09-22,76,56,59,66,8.4,0,0,0
2017-09-23,75,49,49,62,4.8,0,0,0
2017-09-24,83,49,58,66,9.2,0,0,0
2017-09-25,86,57,58,71.5,15.1,0,0,0
2017-09-26,89,58,61,73.5,17.6,0,0,0
2017-09-27,89,60,61,74.5,19,0,0,0
2017-09-28,89,58,58,73.5,18.4,0,0,0
2017-09-29,59,40,44,49.5,-5.2,0,0,0
2017-09-30,62,44,47,53,-1.3,0.12,0,0
2017-10-01,55,31,33,43,-10.9,0,0,0
2017-10-02,62,31,35,46.5,-7,0,0,0
2017-10-03,70,33,46,51.5,-1.6,0,0,0
2017-10-04,73,45,50,59,6.3,0,0,0
2017-10-05,82,50,58,66,13.7,0.3,0,0
2017-10-06,74,47,49,60.5,8.6,0.01,0,0
2017-10-07,70,49,63,59.5,8,0.02,0,0
2017-10-08,80,63,71,71.5,20.4,0.32,0,0
2017-10-09,75,59,68,67,16.2,0.48,0,0
2017-10-10,76,60,61,68,17.6,0.11,0,0
2017-10-11,72,52,53,62,11.9,0,0,0
2017-10-12,63,50,51,56.5,6.8,0.42,0,0
2017-10-13,61,48,48,54.5,5.1,0,0,0
2017-10-14,60,48,58,54,5,0,0,0
2017-10-15,68,57,60,62.5,13.8,0,0,0
2017-10-16,76,43,43,59.5,11.1,0.29,0,0
2017-10-17,49,28,29,38.5,-9.6,0.1,0,0
2017-10-18,60,29,44,44.5,-3.3,0,0,0
2017-10-19,71,42,47,56.5,9,0,0,0
2017-10-20,72,38,38,55,7.8,0,0,0
2017-10-21,64,36,36,50,3.1,0,0,0
2017-10-22,74,36,53,55,8.4,0,0,0
2017-10-23,72,50,55,61,14.6,0,0,0
2017-10-24,70,54,63,62,15.9,0.5,0,0
2017-10-25,68,43,45,55.5,9.7,0.3,0,0
2017-10-26,58,35,44,46.5,0.9,0.01,0,0
2017-10-27,50,30,34,40,-5.3,0,0,0
2017-10-28,62,34,50,48,3,0,0,0
2017-10-29,67,42,43,54.5,9.7,0.99,0,0
2017-10-30,46,39,41,42.5,-2,3.19,0,0
2017-10-31,49,41,42,45,0.7,0.02,0,0
2017-11-01,48,30,33,39,-5,0,0,0
2017-11-02,52,33,51,42.5,-1.2,0.55,0,0
2017-11-03,64,51,56,57.5,14,0.07,0,0
2017-11-04,58,32,32,45,1.8,0.04,0,0
2017-11-05,49,31,49,40,-2.9,0,0,0
2017-11-06,59,49,57,54,11.3,0.17,0,0
2017-11-07,58,35,35,46.5,4.1,0.59,0,0
2017-11-08,38,21,24,29.5,-12.6,Trace,Trace,0
2017-11-09,46,22,24,34,-7.8,0,0,0
2017-11-10,45,22,22,33.5,-8,0.07,0.1,Trace
2017-11-11,22,16,17,19,-22.2,Trace,Trace,Trace
2017-11-12,33,17,24,25,-15.9,0,0,Trace
2017-11-13,42,24,33,33,-7.6,0.05,0,0
2017-11-14,46,33,37,39.5,-0.8,0.03,0,0
2017-11-15,39,26,28,32.5,-7.5,0,0,0
2017-11-16,45,27,44,36,-3.7,0.02,0,0
2017-11-17,47,30,30,38.5,-0.8,0.09,Trace,Trace
2017-11-18,36,27,36,31.5,-7.5,0,0,0
2017-11-19,51,36,36,43.5,4.9,0.24,0,0
2017-11-20,37,27,30,32,-6.3,0.01,0.1,Trace
2017-11-21,38,29,34,33.5,-4.4,Trace,Trace,0
2017-11-22,57,33,33,45,7.4,0.07,Trace,0
2017-11-23,35,26,26,30.5,-6.7,0.02,Trace,0
2017-11-24,35,26,32,30.5,-6.3,0,0,0
2017-11-25,52,31,40,41.5,5.1,0,0,0
2017-11-26,55,32,33,43.5,7.5,0.03,Trace,Trace
2017-11-27,38,31,37,34.5,-1.2,Trace,0,0
2017-11-28,37,22,31,29.5,-5.8,0,0,0
2017-11-29,54,31,49,42.5,7.6,0,0,0
2017-11-30,50,22,29,36,1.5,0,0,0
2017-12-01,47,29,40,38,3.9,0.06,0,0
2017-12-02,42,21,26,31.5,-2.2,0,0,0
2017-12-03,41,26,31,33.5,0.2,0,0,0
2017-12-04,48,22,24,35,2.1,0,0,0
2017-12-05,48,24,48,36,3.5,0,0,0
2017-12-06,51,26,28,38.5,6.4,0.05,0,0
2017-12-07,38,27,31,32.5,0.8,0,0,0
2017-12-08,37,24,24,30.5,-0.8,0.03,0.4,Trace
2017-12-09,30,21,22,25.5,-5.4,0,0,Trace
2017-12-10,29,18,27,23.5,-7,Trace,Trace,Trace
2017-12-11,31,26,27,28.5,-1.6,Trace,Trace,Trace
2017-12-12,32,26,31,29,-0.7,0.04,0.5,Trace
2017-12-13,34,12,12,23,-6.4,0.02,0.3,Trace
2017-12-14,20,12,14,16,-13,0.07,1.2,1
2017-12-15,16,-2,7,7,-21.7,0.01,0.3,2
2017-12-16,23,7,22,15,-13.3,0.02,1.2,3
2017-12-17,27,20,20,23.5,-4.5,0.03,0.8,3
2017-12-18,33,20,33,26.5,-1.2,Trace,Trace,3
2017-12-19,41,33,40,37,9.7,Trace,0,0
2017-12-20,50,32,33,41,14,Trace,0,0
2017-12-21,34,23,23,28.5,1.8,Trace,Trace,0
2017-12-22,30,23,29,26.5,0.1,0.05,Trace,Trace
2017-12-23,40,28,39,34,7.8,0.17,0,0
2017-12-24,43,28,28,35.5,9.6,0.48,0.4,Trace
2017-12-25,32,28,28,30,4.3,0.06,1.2,1
2017-12-26,28,11,11,19.5,-5.9,Trace,0.2,1
2017-12-27,16,6,7,11,-14.2,Trace,Trace,1
2017-12-28,15,2,2,8.5,-16.5,Trace,Trace,1
2017-12-29,8,2,7,5,-19.8,0.04,0.7,2
2017-12-30,14,-3,10,5.5,-19.1,0.09,0.8,2
2017-12-31,18,1,3,9.5,-14.9,0.1,1.5,3
2018-01-01,5,0,3,2.5,-21.7,0.04,1,3
2018-01-02,13,1,9,7,-17.1,0.03,0.6,4
2018-01-03,19,-2,2,8.5,-15.4,0,0,4
2018-01-04,22,1,15,11.5,-12.3,0,0,3
2018-01-05,18,-2,-1,8,-15.7,0.09,1.2,4
2018-01-06,2,-3,-3,-0.5,-24.1,0,0,4
2018-01-07,2,-3,-1,-0.5,-24,Trace,Trace,4
2018-01-08,24,-3,23,10.5,-12.9,0,0,4
2018-01-09,37,23,30,30,6.7,0,0,4
2018-01-10,33,15,18,24,0.7,0,0,4
2018-01-11,41,18,40,29.5,6.3,0,0,3
2018-01-12,57,40,55,48.5,25.3,0.76,0,0
2018-01-13,62,12,12,37,13.9,0.94,6,6
2018-01-14,12,4,4,8,-15.1,0.06,0.9,6
2018-01-15,12,-9,-5,1.5,-21.6,0,0,6
2018-01-16,22,-9,22,6.5,-16.5,0.05,0.5,6
2018-01-17,26,15,15,20.5,-2.5,0.13,1.6,8
2018-01-18,20,-1,-1,9.5,-13.5,Trace,Trace,8
2018-01-19,22,-3,9,9.5,-13.5,0,0,7
2018-01-20,37,8,35,22.5,-0.6,0,0,6
2018-01-21,45,16,19,30.5,7.4,0,0,4
2018-01-22,42,19,35,30.5,7.4,0.02,0,3
2018-01-23,46,35,45,40.5,17.4,0.01,0,Trace
2018-01-24,50,24,25,37,13.8,0.1,Trace,Trace
2018-01-25,25,16,16,20.5,-2.7,0.02,0.7,1
2018-01-26,24,13,13,18.5,-4.8,0,0,Trace
2018-01-27,38,13,32,25.5,2.2,0,0,0
2018-01-28,51,30,30,40.5,17.1,0.02,0,0
2018-01-29,46,21,24,33.5,10.1,0,0,0
2018-01-30,37,19,19,28,4.5,0.05,0.5,1
2018-01-31,19,-2,4,8.5,-15.1,0.06,0.8,1
2018-02-01,30,4,30,17,-6.6,Trace,0.1,1
2018-02-02,45,13,13,29,5.3,0.1,1,1
2018-02-03,14,1,11,7.5,-16.3,Trace,Trace,1
2018-02-04,29,11,27,20,-3.9,Trace,Trace,1
2018-02-05,31,14,14,22.5,-1.5,0.09,1,2
2018-02-06,21,7,17,14,-10.1,0.03,0.6,2
2018-02-07,27,12,18,19.5,-4.7,0.01,0.1,2
2018-02-08,25,15,15,20,-4.3,0.37,4,6
2018-02-09,24,5,9,14.5,-9.9,0.02,0.3,6
2018-02-10,35,8,34,21.5,-3,0.07,1,5
2018-02-11,40,26,26,33,8.4,0.01,0,3
2018-02-12,45,26,27,35.5,10.8,0.08,0,1
2018-02-13,29,18,18,23.5,-1.4,Trace,0.1,1
2018-02-14,33,17,33,25,0,Trace,Trace,Trace
2018-02-15,47,33,43,40,14.9,0,0,0
2018-02-16,61,40,41,50.5,25.2,0.33,0,0
2018-02-17,41,15,15,28,2.6,0,0,0
2018-02-18,32,15,28,23.5,-2.1,0.05,1.1,1
2018-02-19,36,26,34,31,5.3,0,0,0
2018-02-20,47,33,47,40,14.1,0.14,0,0
2018-02-21,67,47,55,57,30.9,0,0,0
2018-02-22,69,30,31,49.5,23.2,0.03,0,0
2018-02-23,34,29,33,31.5,5,0.5,3.5,4
2018-02-24,42,33,41,37.5,10.8,0.02,0,0
2018-02-25,41,35,39,38,11.1,0.18,0,0
2018-02-26,47,35,35,41,13.9,Trace,0,0
2018-02-27,48,22,23,35,7.7,0,0,0
2018-02-28,55,23,35,39,11.5,0,0,0
2018-03-01,56,35,35,45.5,17.7,Trace,0,0
2018-03-02,38,28,28,33,5,0.86,3.5,4
2018-03-03,29,27,27,28,-0.2,0.09,1.6,5
2018-03-04,30,26,26,28,-0.5,Trace,Trace,4
2018-03-05,28,17,24,22.5,-6.3,0,0,2
2018-03-06,28,22,22,25,-4.1,0,0,1
2018-03-07,41,20,32,30.5,1.2,0.11,1.5,2
2018-03-08,34,27,27,30.5,0.9,0.06,0.9,3
2018-03-09,32,24,24,28,-1.9,0.05,1,2
2018-03-10,35,24,26,29.5,-0.7,Trace,Trace,Trace
2018-03-11,31,26,26,28.5,-2.1,Trace,Trace,Trace
2018-03-12,32,15,15,23.5,-7.4,0,0,Trace
2018-03-13,35,15,23,25,-6.2,0.21,1.7,2
2018-03-14,31,23,25,27,-4.6,0.21,4.2,6
2018-03-15,29,22,22,25.5,-6.4,0.21,5.6,10
2018-03-16,37,22,24,29.5,-2.8,0.06,0.9,8
2018-03-17,25,7,7,16,-16.6,0.01,Trace,8
2018-03-18,37,6,6,21.5,-11.5,0,0,6
2018-03-19,35,6,19,20.5,-12.9,0,0,3
2018-03-20,30,3,7,16.5,-17.3,0,0,2
2018-03-21,37,7,22,22,-12.2,0,0,2
2018-03-22,36,22,25,29,-5.6,0,0,1
2018-03-23,38,25,25,31.5,-3.5,0,0,Trace
2018-03-24,36,25,26,30.5,-4.9,0,0,0
2018-03-25,34,12,18,23,-12.8,0,0,0
2018-03-26,43,17,19,30,-6.2,0,0,0
2018-03-27,47,19,33,33,-3.6,0,0,0
2018-03-28,41,33,35,37,0,0.43,0,0
2018-03-29,46,35,44,40.5,3.1,0.01,0,0
2018-03-30,54,38,38,46,8.1,0.88,0,0
2018-03-31,41,22,22,31.5,-6.8,0.05,0,0
2018-04-01,52,22,32,37,-1.7,0.02,Trace,0
2018-04-02,38,27,27,32.5,-6.7,Trace,0,0
2018-04-03,46,27,36,36.5,-3.1,0,0,0
2018-04-04,50,35,50,42.5,2.5,0.25,0,0
2018-04-05,53,23,24,38,-2.4,0.19,0.1,Trace
2018-04-06,33,19,28,26,-14.9,Trace,0.1,Trace
2018-04-07,45,24,24,34.5,-6.8,0.07,0.8,1
2018-04-08,33,17,19,25,-16.7,0,0,0
2018-04-09,30,18,19,24,-18.1,0.01,Trace,Trace
2018-04-10,41,19,27,30,-12.6,0.01,0.2,Trace
2018-04-11,39,23,29,31,-12,Trace,Trace,0
2018-04-12,46,26,29,36,-7.4,Trace,Trace,0
2018-04-13,60,29,41,44.5,0.7,0.06,0,0
2018-04-14,61,38,38,49.5,5.3,0.01,0,0
2018-04-15,40,31,34,35.5,-9.1,0,0,0
2018-04-16,43,34,43,38.5,-6.5,0.05,0,0
2018-04-17,50,32,32,41,-4.4,0.71,0.1,Trace
2018-04-18,37,28,33,32.5,-13.3,0.2,1.4,1
2018-04-19,40,31,31,35.5,-10.7,0.05,0.6,1
2018-04-20,36,27,28,31.5,-15.1,0.08,0.3,Trace
2018-04-21,41,23,25,32,-15,0,0,0
2018-04-22,53,25,27,39,-8.4,0,0,0
2018-04-23,59,26,30,42.5,-5.2,0,0,0
2018-04-24,69,30,48,49.5,1.4,0,0,0
2018-04-25,68,47,48,57.5,9,0.07,0,0
2018-04-26,57,42,42,49.5,0.7,0.12,0,0
2018-04-27,56,35,37,45.5,-3.7,Trace,0,0
2018-04-28,58,37,46,47.5,-2,0.06,0,0
2018-04-29,59,33,33,46,-3.9,0.04,0,0
2018-04-30,43,32,38,37.5,-12.7,0.11,Trace,0
2018-05-01,59,29,34,44,-6.6,0,0,0
2018-05-02,78,34,55,56,5.1,0,0,0
2018-05-03,85,55,69,70,18.7,0,0,0
2018-05-04,80,60,60,70,18.4,0.07,0,0
2018-05-05,81,38,43,59.5,7.6,0.19,0,0
2018-05-06,74,43,56,58.5,6.2,0,0,0
2018-05-07,66,47,47,56.5,3.9,0.03,0,0
2018-05-08,63,34,39,48.5,-4.4,0,0,0
2018-05-09,75,39,57,57,3.8,0,0,0
2018-05-10,79,57,61,68,14.5,0,0,0
2018-05-11,75,42,44,58.5,4.6,0.45,0,0
2018-05-12,54,44,47,49,-5.2,0,0,0
2018-05-13,50,39,41,44.5,-10,0.27,0,0
2018-05-14,55,41,52,48,-6.8,0.01,0,0
2018-05-15,77,52,60,64.5,9.4,0.01,0,0
2018-05-16,74,45,48,59.5,4,0.45,0,0
2018-05-17,68,48,58,58,2.2,0,0,0
2018-05-18,78,48,50,63,6.9,0,0,0
2018-05-19,72,48,48,60,3.6,0.14,0,0
2018-05-20,64,48,64,56,-0.7,0.23,0,0
2018-05-21,65,45,49,55,-2.1,0.04,0,0
2018-05-22,73,49,55,61,3.6,0.03,0,0
2018-05-23,67,55,55,61,3.3,1.59,0,0
2018-05-24,76,43,50,59.5,1.5,0,0,0
2018-05-25,79,49,52,64,5.7,0,0,0
2018-05-26,84,51,55,67.5,8.9,0,0,0
2018-05-27,84,55,65,69.5,10.5,0.03,0,0
2018-05-28,69,61,61,65,5.7,0.27,0,0
2018-05-29,83,61,62,72,12.4,0.05,0,0
2018-05-30,84,55,67,69.5,9.6,0,0,0
2018-05-31,85,64,67,74.5,14.2,0,0,0
2018-06-01,78,66,70,72,11.4,0,0,0
2018-06-02,86,58,58,72,11.1,0.16,0,0
2018-06-03,64,50,57,57,-4.2,Trace,0,0
2018-06-04,69,53,54,61,-0.5,0.02,0,0
2018-06-05,70,48,53,59,-2.8,0.02,0,0
2018-06-06,60,49,49,54.5,-7.6,0.11,0,0
2018-06-07,60,45,48,52.5,-9.9,0.07,0,0
2018-06-08,74,48,55,61,-1.7,0,0,0
2018-06-09,76,43,49,59.5,-3.5,0,0,0
2018-06-10,74,49,53,61.5,-1.8,0,0,0
2018-06-11,71,49,52,60,-3.6,0,0,0
2018-06-12,76,50,58,63,-0.9,0,0,0
2018-06-13,76,58,60,67,2.8,0.25,0,0
2018-06-14,81,59,63,70,5.5,0.1,0,0
2018-06-15,75,50,56,62.5,-2.3,0,0,0
2018-06-16,75,43,49,59,-6,0,0,0
2018-06-17,82,49,57,65.5,0.2,0,0,0
2018-06-18,88,57,73,72.5,7,0,0,0
2018-06-19,92,62,63,77,11.2,0.1,0,0
2018-06-20,71,52,55,61.5,-4.5,0,0,0
2018-06-21,73,45,54,59,-7.2,0,0,0
2018-06-22,73,41,50,57,-9.5,0,0,0
2018-06-23,75,50,61,62.5,-4.2,0.04,0,0
2018-06-24,73,60,64,66.5,-0.4,0.01,0,0
2018-06-25,73,57,57,65,-2.1,0.74,0,0
2018-06-26,69,40,47,54.5,-12.7,0,0,0
2018-06-27,78,47,63,62.5,-4.9,Trace,0,0
2018-06-28,67,60,67,63.5,-4.1,0.45,0,0
2018-06-29,77,58,66,67.5,-0.2,0.02,0,0
2018-06-30,84,57,62,70.5,2.6,0,0,0
2018-07-01,92,61,69,76.5,8.5,0,0,0
2018-07-02,93,69,74,81,12.9,0,0,0
2018-07-03,94,68,70,81,12.7,0.31,0,0
2018-07-04,87,57,63,72,3.6,0,0,0
2018-07-05,90,63,75,76.5,8,0.03,0,0
2018-07-06,88,69,70,78.5,9.9,0.12,0,0
2018-07-07,73,45,51,59,-9.6,0,0,0
2018-07-08,77,49,54,63,-5.7,0,0,0
2018-07-09,82,54,58,68,-0.8,0,0,0
2018-07-10,87,55,62,71,2.2,0,0,0
2018-07-11,85,53,57,69,0.1,0,0,0
2018-07-12,76,45,52,60.5,-8.4,0,0,0
2018-07-13,81,51,54,66,-3,0,0,0
2018-07-14,85,54,71,69.5,0.5,0,0,0
2018-07-15,89,66,68,77.5,8.5,Trace,0,0
2018-07-16,88,63,67,75.5,6.5,0,0,0
2018-07-17,92,67,69,79.5,10.5,0.95,0,0
2018-07-18,81,53,58,67,-2,0.01,0,0
2018-07-19,73,44,48,58.5,-10.5,0,0,0
2018-07-20,79,48,61,63.5,-5.5,0,0,0
2018-07-21,83,60,62,71.5,2.5,0,0,0
2018-07-22,76,60,65,68,-1,0.23,0,0
2018-07-23,80,65,71,72.5,3.5,0.17,0,0
2018-07-24,78,70,71,74,5,0.46,0,0
2018-07-25,76,69,71,72.5,3.5,0.76,0,0
2018-07-26,74,64,64,69,0.1,0.88,0,0
2018-07-27,84,64,67,74,5.1,0.01,0,0
2018-07-28,79,62,64,70.5,1.6,0,0,0
2018-07-29,79,57,59,68,-0.8,0,0,0
2018-07-30,77,55,57,66,-2.8,0,0,0
2018-07-31,76,57,62,66.5,-2.2,0.02,0,0
2018-08-01,79,62,70,70.5,1.8,0,0,0
2018-08-02,80,66,67,73,4.3,0.01,0,0
2018-08-03,79,67,68,73,4.4,0.1,0,0
2018-08-04,75,62,63,68.5,-0.1,0.03,0,0
2018-08-05,85,59,61,72,3.5,0.01,0,0
2018-08-06,87,61,65,74,5.5,0,0,0
2018-08-07,89,65,72,77,8.6,0,0,0
2018-08-08,83,66,67,74.5,6.2,0.05,0,0
2018-08-09,82,64,68,73,4.7,1.78,0,0
2018-08-10,80,59,62,69.5,1.3,0,0,0
2018-08-11,78,61,63,69.5,1.4,Trace,0,0
2018-08-12,76,63,64,69.5,1.4,0.27,0,0
2018-08-13,79,64,65,71.5,3.5,0.02,0,0
2018-08-14,71,64,67,67.5,-0.4,0.84,0,0
2018-08-15,69,59,62,64,-3.8,0.35,0,0
2018-08-16,85,61,62,73,5.3,0,0,0
2018-08-17,87,62,66,74.5,6.9,0.26,0,0
2018-08-18,84,66,68,75,7.5,0.42,0,0
2018-08-19,71,62,62,66.5,-0.9,0.19,0,0
2018-08-20,76,58,59,67,-0.2,0,0,0
2018-08-21,76,59,67,67.5,0.4,0,0,0
2018-08-22,72,66,67,69,2,0.14,0,0
2018-08-23,74,49,52,61.5,-5.3,0.35,0,0
2018-08-24,74,50,53,62,-4.7,0,0,0
2018-08-25,80,53,61,66.5,0,0,0,0
2018-08-26,76,61,65,68.5,2.2,0.02,0,0
2018-08-27,82,61,61,71.5,5.4,0,0,0
2018-08-28,85,61,74,73,7.1,Trace,0,0
2018-08-29,90,70,73,80,14.3,0,0,0
2018-08-30,90,65,66,77.5,12,0.13,0,0
2018-08-31,74,55,56,64.5,-0.8,Trace,0,0
2018-09-01,72,56,66,64,-1,0.03,0,0
2018-09-02,75,66,70,70.5,5.7,0,0,0
2018-09-03,86,70,71,78,13.5,0,0,0
2018-09-04,89,67,68,78,13.8,0,0,0
2018-09-05,86,64,66,75,11.1,0,0,0
2018-09-06,91,66,71,78.5,14.9,0,0,0
2018-09-07,80,62,64,71,7.7,0,0,0
2018-09-08,74,54,55,64,1,0,0,0
2018-09-09,63,48,48,55.5,-7.2,0,0,0
2018-09-10,58,46,46,52,-10.3,0.35,0,0
2018-09-11,59,46,59,52.5,-9.5,1.61,0,0
2018-09-12,71,59,61,65,3.4,0,0,0
2018-09-13,74,61,64,67.5,6.3,0,0,0
2018-09-14,81,64,65,72.5,11.6,0.05,0,0
2018-09-15,80,65,68,72.5,12,0,0,0
2018-09-16,83,60,60,71.5,11.4,0,0,0
2018-09-17,84,60,64,72,12.3,0,0,0
2018-09-18,75,63,66,69,9.7,1.47,0,0
2018-09-19,80,59,63,69.5,10.6,0,0,0
2018-09-20,70,47,47,58.5,0,0,0,0
2018-09-21,73,46,66,59.5,1.4,0,0,0
2018-09-22,75,56,56,65.5,7.9,0.2,0,0
2018-09-23,60,41,42,50.5,-6.7,0,0,0
2018-09-24,66,40,41,53,-3.8,0,0,0
2018-09-25,67,41,52,54,-2.4,0.83,0,0
2018-09-26,68,52,67,60,4.1,0.06,0,0
2018-09-27,73,45,46,59,3.5,0.48,0,0
2018-09-28,61,46,52,53.5,-1.6,0.28,0,0
2018-09-29,68,51,52,59.5,4.8,0,0,0
2018-09-30,63,39,43,51,-3.3,0,0,0
2018-10-01,55,43,54,49,-4.9,0.01,0,0
2018-10-02,60,54,60,57,3.5,0.02,0,0
2018-10-03,68,53,53,60.5,7.4,0.81,0,0
2018-10-04,62,53,59,57.5,4.8,0.01,0,0
2018-10-05,67,42,42,54.5,2.2,0.71,0,0
2018-10-06,63,41,59,52,0.1,Trace,0,0
2018-10-07,71,59,65,65,13.5,0.38,0,0
2018-10-08,68,54,55,61,9.9,0.01,0,0
2018-10-09,77,55,67,66,15.2,0,0,0
2018-10-10,80,62,62,71,20.6,0,0,0
2018-10-11,78,61,68,69.5,19.4,0.23,0,0
2018-10-12,73,45,46,59,9.3,0.5,0,0
2018-10-13,50,41,41,45.5,-3.9,0.13,0,0
2018-10-14,49,37,39,43,-6,0.06,0,0
2018-10-15,57,38,46,47.5,-1.2,0.02,0,0
2018-10-16,60,31,32,45.5,-2.9,0.12,0,0
2018-10-17,51,31,44,41,-7.1,0,0,0
2018-10-18,49,32,32,40.5,-7.3,0.13,Trace,Trace
2018-10-19,43,29,31,36,-11.5,0,0,0
2018-10-20,61,31,50,46,-1.2,0,0,0
2018-10-21,54,33,33,43.5,-3.4,0.44,Trace,0
2018-10-22,38,33,35,35.5,-11.1,Trace,Trace,0
2018-10-23,46,35,42,40.5,-5.9,0,0,0
2018-10-24,54,37,37,45.5,-0.6,0.17,0,0
2018-10-25,38,34,35,36,-9.8,0.1,Trace,0
2018-10-26,40,30,35,35,-10.6,0,0,0
2018-10-27,46,35,37,40.5,-4.8,0.18,0,0
2018-10-28,39,37,38,38,-7,0.92,0,0
2018-10-29,44,38,41,41,-3.8,0.24,0,0
2018-10-30,44,33,34,38.5,-6,0.14,0,0
2018-10-31,50,29,43,39.5,-4.8,0.02,0,0
2018-11-01,62,43,46,52.5,8.5,0.11,0,0
2018-11-02,60,44,55,52,8.3,0.32,0,0
2018-11-03,62,39,39,50.5,7,0.17,0,0
2018-11-04,43,29,29,36,-7.2,0.14,0,0
2018-11-05,49,29,44,39,-3.9,0.01,0,0
2018-11-06,48,43,48,45.5,2.8,0.05,0,0
2018-11-07,59,44,44,51.5,9.1,0.13,0,0
2018-11-08,57,35,38,46,3.9,0,0,0
2018-11-09,45,29,33,37,-4.8,0,0,0
2018-11-10,42,31,31,36.5,-5,0.42,Trace,Trace
2018-11-11,33,26,29,29.5,-11.7,0.03,0.1,0
2018-11-12,38,28,28,33,-7.9,0,0,0
2018-11-13,45,27,33,36,-4.6,0.27,0.7,1
2018-11-14,37,25,25,31,-9.3,0.02,Trace,Trace
2018-11-15,27,18,21,22.5,-17.5,0.04,0.5,1
2018-11-16,29,21,27,25,-14.7,0.98,8.6,9
2018-11-17,36,26,35,31,-8.3,0.04,Trace,8
2018-11-18,37,28,29,32.5,-6.5,0,0,5
2018-11-19,33,28,32,30.5,-8.1,0.12,1.9,6
2018-11-20,37,31,31,34,-4.3,0.16,2.1,7
2018-11-21,36,28,31,32,-5.9,0.03,Trace,5
2018-11-22,33,11,11,22,-15.6,0.02,0.2,5
2018-11-23,16,-5,-3,5.5,-31.7,Trace,Trace,5
2018-11-24,28,-3,25,12.5,-24.3,0,0,4
2018-11-25,41,25,37,33,-3.4,0.2,0,2
2018-11-26,43,30,38,36.5,0.5,0,0,Trace
2018-11-27,43,32,32,37.5,1.8,0.62,Trace,Trace
2018-11-28,34,28,28,31,-4.3,0.2,3.9,4
2018-11-29,33,28,32,30.5,-4.4,0.05,0.8,4
2018-11-30,34,29,30,31.5,-3,0,0,2
2018-12-01,34,30,31,32,-2.1,0.01,Trace,1
2018-12-02,40,31,40,35.5,1.8,0.21,0,0
2018-12-03,49,40,42,44.5,11.2,0.08,0,0
2018-12-04,43,26,26,34.5,1.6,0.12,0.8,1
2018-12-05,26,10,12,18,-14.5,Trace,Trace,1
2018-12-06,29,11,28,20,-12.1,Trace,0.1,1
2018-12-07,35,24,24,29.5,-2.2,0.01,0.1,1
2018-12-08,24,15,19,19.5,-11.8,0.03,0.6,2
2018-12-09,29,10,10,19.5,-11.4,0,0,1
2018-12-10,33,8,27,20.5,-10,0,0,1
2018-12-11,30,26,26,28,-2.1,0,0,1
2018-12-12,30,26,30,28,-1.7,0.02,0.6,2
2018-12-13,32,25,30,28.5,-0.9,Trace,0.2,2
2018-12-14,38,29,38,33.5,4.5,Trace,Trace,Trace
2018-12-15,47,38,38,42.5,13.8,0,0,0
2018-12-16,40,31,33,35.5,7.2,0,0,0
2018-12-17,37,30,30,33.5,5.5,0.11,0,0
2018-12-18,37,23,23,30,2.3,Trace,Trace,Trace
2018-12-19,23,13,13,18,-9.3,Trace,Trace,Trace
2018-12-20,39,13,32,26,-1,0,0,0
2018-12-21,55,31,55,43,16.3,0.39,0,0
2018-12-22,61,29,29,45,18.6,0.95,2,2
2018-12-23,31,28,28,29.5,3.3,Trace,Trace,1
2018-12-24,33,27,31,30,4.1,0.1,1,2
2018-12-25,35,27,27,31,5.3,0.02,0.3,2
2018-12-26,30,24,29,27,1.6,0.01,Trace,2
2018-12-27,33,23,23,28,2.8,Trace,Trace,1
2018-12-28,40,21,40,30.5,5.5,0.07,0,0
2018-12-29,50,37,37,43.5,18.7,0.04,0,0
2018-12-30,37,24,25,30.5,5.9,0.02,0.7,1
2018-12-31,35,25,29,30,5.6,0,0,0
2019-01-01,51,29,47,40,15.8,0.45,0,0
2019-01-02,47,25,25,36,11.9,0,0,0
2019-01-03,36,25,32,30.5,6.6,0.03,0,0
2019-01-04,33,26,28,29.5,5.7,Trace,Trace,0
2019-01-05,43,28,33,35.5,11.8,0.38,0,0
2019-01-06,39,30,37,34.5,10.9,Trace,0,0
2019-01-07,38,13,13,25.5,2,0.01,Trace,Trace
2019-01-08,33,13,33,23,-0.4,0.02,0,0
2019-01-09,42,33,34,37.5,14.2,0.5,0,0
2019-01-10,34,21,21,27.5,4.2,0.03,0.5,Trace
2019-01-11,23,11,11,17,-6.2,0.04,0.8,1
2019-01-12,16,0,11,8,-15.2,0,0,1
2019-01-13,21,7,7,14,-9.1,0,0,1
2019-01-14,22,1,8,11.5,-11.6,Trace,Trace,1
2019-01-15,25,7,17,16,-7.1,0,0,1
2019-01-16,28,17,26,22.5,-0.5,0,0,Trace
2019-01-17,33,3,4,18,-5,Trace,Trace,Trace
2019-01-18,25,3,24,14,-9,0.02,0.4,1
2019-01-19,33,19,19,26,3,0.03,0.7,1
2019-01-20,21,16,17,18.5,-4.6,1.04,10.2,10
2019-01-21,17,-5,-5,6,-17.1,0.04,2.5,12
2019-01-22,9,-5,7,2,-21.1,0.06,1.2,10
2019-01-23,25,7,25,16,-7.1,Trace,Trace,9
2019-01-24,44,25,41,34.5,11.3,0.18,0,4
2019-01-25,44,23,25,33.5,10.3,0.36,0.9,5
2019-01-26,25,6,11,15.5,-7.8,0,0,5
2019-01-27,25,11,24,18,-5.3,Trace,Trace,5
2019-01-28,31,-1,-1,15,-8.4,Trace,Trace,5
2019-01-29,25,-2,23,11.5,-11.9,Trace,0.1,5
2019-01-30,27,-4,-1,11.5,-12,0.02,0.5,5
2019-01-31,13,-7,-5,3,-20.6,0.01,0.2,5
2019-02-01,9,-14,-11,-2.5,-26.1,0,0,5
2019-02-02,19,-11,-1,4,-19.7,0,0,4
2019-02-03,37,-2,37,17.5,-6.3,0,0,3
2019-02-04,49,36,42,42.5,18.6,0,0,Trace
2019-02-05,61,42,47,51.5,27.5,0.01,0,0
2019-02-06,52,27,27,39.5,15.4,0,0,0
2019-02-07,39,27,37,33,8.8,0.26,0,0
2019-02-08,50,33,41,41.5,17.2,0.16,0,0
2019-02-09,41,14,14,27.5,3.1,0,0,0
2019-02-10,22,11,12,16.5,-8,0,0,0
2019-02-11,31,12,24,21.5,-3.1,0.01,0.1,Trace
2019-02-12,31,23,24,27,2.3,Trace,Trace,Trace
2019-02-13,34,21,31,27.5,2.6,0.25,1.6,2
2019-02-14,32,22,24,27,2,0.01,0.4,2
2019-02-15,41,24,40,32.5,7.4,0,0,2
2019-02-16,48,24,24,36,10.7,0.02,Trace,1
2019-02-17,27,16,20,21.5,-3.9,Trace,Trace,Trace
2019-02-18,32,19,26,25.5,-0.1,0.06,0.4,Trace
2019-02-19,26,12,12,19,-6.7,0.03,0.6,1
2019-02-20,21,7,12,14,-11.9,0,0,Trace
2019-02-21,36,12,35,24,-2.1,0.16,Trace,Trace
2019-02-22,42,29,29,35.5,9.2,0,0,Trace
2019-02-23,32,20,20,26,-0.5,0,0,Trace
2019-02-24,38,19,35,28.5,1.8,Trace,0,Trace
2019-02-25,47,24,24,35.5,8.6,0.03,0.1,Trace
2019-02-26,24,16,17,20,-7.1,Trace,Trace,Trace
2019-02-27,20,13,13,16.5,-10.8,Trace,0.2,Trace
2019-02-28,22,12,12,17,-10.5,0.28,3.9,4
2019-03-01,20,11,16,15.5,-12.3,0.01,0.2,4
2019-03-02,34,16,29,25,-3,0,0,3
2019-03-03,37,25,25,31,2.8,0.05,0.5,3
2019-03-04,31,21,22,26,-2.5,0.11,1.5,5
2019-03-05,23,-6,-5,8.5,-20.3,0.04,1.3,5
2019-03-06,22,-5,9,8.5,-20.6,Trace,0.1,4
2019-03-07,17,-4,5,6.5,-22.8,Trace,0.2,4
2019-03-08,22,-4,-2,9,-20.6,0,0,4
2019-03-09,37,-3,6,17,-12.9,0,0,3
2019-03-10,42,6,33,24,-6.2,0.2,0.4,3
2019-03-11,42,33,35,37.5,6.9,0.03,0,Trace
2019-03-12,41,27,27,34,3.1,Trace,Trace,Trace
2019-03-13,34,16,17,25,-6.2,0,0,0
2019-03-14,45,16,40,30.5,-1.1,0,0,0
2019-03-15,61,39,56,50,18.1,0,0,0
2019-03-16,65,35,35,50,17.7,Trace,Trace,Trace
2019-03-17,35,24,24,29.5,-3.1,0.01,0.1,Trace
2019-03-18,32,16,18,24,-9,0,0,0
2019-03-19,37,15,16,26,-7.4,0.01,0.1,Trace
2019-03-20,42,16,27,29,-4.8,0,0,0
2019-03-21,52,27,37,39.5,5.3,0,0,0
2019-03-22,47,35,36,41,6.4,0.57,0,0
2019-03-23,39,23,23,31,-4,0.09,1.3,1
2019-03-24,36,19,22,27.5,-7.9,0,0,0
2019-03-25,46,22,28,34,-1.8,0,0,0
2019-03-26,39,17,17,28,-8.2,0,0,0
2019-03-27,37,15,16,26,-10.6,0,0,0
2019-03-28,49,16,34,32.5,-4.5,0,0,0
2019-03-29,58,34,44,46,8.6,0.05,0,0
2019-03-30,45,39,45,42,4.1,0.08,0,0
2019-03-31,64,35,35,49.5,11.2,0.19,0,0
2019-04-01,37,23,24,30,-8.7,0.06,0.1,Trace
2019-04-02,37,19,27,28,-11.2,0,0,0
2019-04-03,48,27,34,37.5,-2.1,0,0,0
2019-04-04,52,21,24,36.5,-3.5,0,0,0
2019-04-05,41,24,30,32.5,-7.9,0,0,0
2019-04-06,39,30,39,34.5,-6.4,0.18,Trace,0
2019-04-07,58,34,35,46,4.7,0,0,0
2019-04-08,69,35,54,52,10.3,0.08,0,0
2019-04-09,70,39,46,54.5,12.4,0.01,0,0
2019-04-10,66,33,33,49.5,6.9,0.01,0,0
2019-04-11,41,27,31,34,-9,0,0,0
2019-04-12,47,31,47,39,-4.4,Trace,0,0
2019-04-13,67,47,54,57,13.2,0.09,0,0
2019-04-14,69,36,42,52.5,8.3,0,0,0
2019-04-15,66,42,45,54,9.4,1.16,0,0
2019-04-16,45,29,31,37,-8,0.22,Trace,0
2019-04-17,50,31,34,40.5,-4.9,0.1,0,0
2019-04-18,61,33,49,47,1.2,0.01,0,0
2019-04-19,65,49,62,57,10.8,0,0,0
2019-04-20,70,41,42,55.5,8.9,1,0,0
2019-04-21,74,42,46,58,11,0.02,0,0
2019-04-22,56,44,45,50,2.6,0,0,0
2019-04-23,57,38,40,47.5,-0.2,0,0,0
2019-04-24,75,40,43,57.5,9.4,0.07,0,0
2019-04-25,53,31,34,42,-6.5,0,0,0
2019-04-26,67,34,52,50.5,1.7,0.21,0,0
2019-04-27,64,39,39,51.5,2.3,0.39,0,0
2019-04-28,44,34,38,39,-10.5,0.02,Trace,0
2019-04-29,44,24,29,34,-15.9,0.04,0,0
2019-04-30,50,29,45,39.5,-10.7,0.08,0,0
2019-05-01,49,40,46,44.5,-6.1,0.03,0,0
2019-05-02,63,46,57,54.5,3.6,0.01,0,0
2019-05-03,63,45,57,54,2.7,0.07,0,0
2019-05-04,72,45,45,58.5,6.9,0.13,0,0
2019-05-05,57,45,46,51,-0.9,Trace,0,0
2019-05-06,54,46,51,50,-2.3,0.26,0,0
2019-05-07,70,51,53,60.5,7.9,0,0,0
2019-05-08,57,41,41,49,-3.9,0.21,0,0
2019-05-09,57,37,49,47,-6.2,0,0,0
2019-05-10,63,49,57,56,2.5,0.31,0,0
2019-05-11,76,43,43,59.5,5.6,0.12,0,0
2019-05-12,56,43,43,49.5,-4.7,0.05,0,0
2019-05-13,45,40,40,42.5,-12,0.53,0,0
2019-05-14,44,40,43,42,-12.8,0.84,0,0
2019-05-15,45,39,43,42,-13.1,0.14,0,0
2019-05-16,66,41,46,53.5,-2,0.24,0,0
2019-05-17,64,46,59,55,-0.8,0.01,0,0
2019-05-18,69,36,41,52.5,-3.6,0.04,0,0
2019-05-19,68,41,62,54.5,-1.9,0,0,0
2019-05-20,86,62,67,74,17.3,0.09,0,0
2019-05-21,78,43,45,60.5,3.4,0,0,0
2019-05-22,61,36,41,48.5,-8.9,0,0,0
2019-05-23,70,41,56,55.5,-2.2,0.07,0,0
2019-05-24,78,55,55,66.5,8.5,0.01,0,0
2019-05-25,64,42,48,53,-5.3,0,0,0
2019-05-26,77,48,63,62.5,3.9,0.68,0,0
2019-05-27,79,46,51,62.5,3.5,0,0,0
2019-05-28,73,51,56,62,2.7,0.02,0,0
2019-05-29,75,49,50,62,2.4,0.3,0,0
2019-05-30,64,49,55,56.5,-3.4,0.02,0,0
2019-05-31,68,53,56,60.5,0.2,0.67,0,0
2019-06-01,72,51,59,61.5,0.9,0,0,0
2019-06-02,78,55,58,66.5,5.6,0.01,0,0
2019-06-03,67,42,48,54.5,-6.7,0.16,0,0
2019-06-04,60,37,44,48.5,-13,0,0,0
2019-06-05,66,44,65,55,-6.8,0,0,0
2019-06-06,78,58,58,68,5.9,1.1,0,0
2019-06-07,70,44,48,57,-5.4,0,0,0
2019-06-08,76,45,51,60.5,-2.2,0,0,0
2019-06-09,80,51,58,65.5,2.5,0,0,0
2019-06-10,80,58,60,69,5.7,0,0,0
2019-06-11,67,55,56,61,-2.6,0.32,0,0
2019-06-12,69,43,47,56,-7.9,0,0,0
2019-06-13,73,47,57,60,-4.2,0,0,0
2019-06-14,62,52,53,57,-7.5,0.44,0,0
2019-06-15,69,50,57,59.5,-5.3,Trace,0,0
2019-06-16,73,57,62,65,0,0.09,0,0
2019-06-17,67,53,54,60,-5.3,0.63,0,0
2019-06-18,74,53,58,63.5,-2,0.04,0,0
2019-06-19,76,58,66,67,1.2,0.08,0,0
2019-06-20,80,66,67,73,7,0.78,0,0
2019-06-21,73,57,58,65,-1.2,1.4,0,0
2019-06-22,71,48,52,59.5,-7,0,0,0
2019-06-23,73,48,52,60.5,-6.2,0,0,0
2019-06-24,77,51,56,64,-2.9,0,0,0
2019-06-25,76,55,66,65.5,-1.6,0.4,0,0
2019-06-26,82,55,60,68.5,1.3,0.01,0,0
2019-06-27,86,54,61,70,2.6,0.01,0,0
2019-06-28,83,57,60,70,2.4,0,0,0
2019-06-29,87,60,69,73.5,5.8,0,0,0
2019-06-30,84,58,64,71,3.1,0,0,0
2019-07-01,71,49,56,60,-8,0,0,0
2019-07-02,79,55,59,67,-1.1,Trace,0,0
2019-07-03,77,58,63,67.5,-0.8,0.01,0,0
2019-07-04,84,58,63,71,2.6,0,0,0
2019-07-05,89,63,73,76,7.5,0,0,0
2019-07-06,87,72,73,79.5,10.9,0,0,0
2019-07-07,85,65,65,75,6.4,1.06,0,0
2019-07-08,76,58,61,67,-1.7,0,0,0
2019-07-09,78,49,52,63.5,-5.3,0,0,0
2019-07-10,83,52,60,67.5,-1.3,0,0,0
2019-07-11,87,60,71,73.5,4.6,0.01,0,0
2019-07-12,81,65,65,73,4.1,0,0,0
2019-07-13,73,62,63,67.5,-1.5,0,0,0
2019-07-14,84,63,70,73.5,4.5,0,0,0
2019-07-15,79,51,57,65,-4,0,0,0
2019-07-16,80,57,69,68.5,-0.5,0,0,0
2019-07-17,90,68,71,79,10,0.71,0,0
2019-07-18,82,69,69,75.5,6.5,0.52,0,0
2019-07-19,84,68,73,76,7,0,0,0
2019-07-20,91,71,73,81,12,0.01,0,0
2019-07-21,90,71,73,80.5,11.5,0,0,0
2019-07-22,84,61,64,72.5,3.5,0,0,0
2019-07-23,66,62,62,64,-5,0.77,0,0
2019-07-24,75,51,56,63,-6,0,0,0
2019-07-25,76,51,53,63.5,-5.5,0,0,0
2019-07-26,78,53,57,65.5,-3.4,0,0,0
2019-07-27,84,57,60,70.5,1.6,0,0,0
2019-07-28,84,60,68,72,3.1,0,0,0
2019-07-29,82,64,67,73,4.2,0.08,0,0
2019-07-30,87,67,70,77,8.2,Trace,0,0
2019-07-31,88,63,65,75.5,6.8,0.55,0,0
2019-08-01,80,55,58,67.5,-1.2,0,0,0
2019-08-02,80,51,54,65.5,-3.2,0,0,0
2019-08-03,84,54,63,69,0.4,0.35,0,0
2019-08-04,81,57,58,69,0.4,0,0,0
2019-08-05,76,46,49,61,-7.5,0,0,0
2019-08-06,82,49,66,65.5,-3,0,0,0
2019-08-07,85,64,65,74.5,6.1,0.88,0,0
2019-08-08,77,61,62,69,0.7,0.04,0,0
2019-08-09,81,57,58,69,0.7,0.6,0,0
2019-08-10,76,51,54,63.5,-4.7,0.25,0,0
2019-08-11,71,49,51,60,-8.1,0,0,0
2019-08-12,76,51,54,63.5,-4.6,0,0,0
2019-08-13,81,54,66,67.5,-0.5,Trace,0,0
2019-08-14,80,62,63,71,3.1,0.03,0,0
2019-08-15,79,55,58,67,-0.8,0,0,0
2019-08-16,80,58,66,69,1.3,0.92,0,0
2019-08-17,81,59,61,70,2.4,0.03,0,0
2019-08-18,81,60,63,70.5,3,0.68,0,0
2019-08-19,83,63,67,73,5.6,0.1,0,0
2019-08-20,82,57,59,69.5,2.3,Trace,0,0
2019-08-21,84,59,70,71.5,4.4,0,0,0
2019-08-22,84,63,69,73.5,6.5,0.01,0,0
2019-08-23,74,50,51,62,-4.8,0,0,0
2019-08-24,70,45,46,57.5,-9.2,0,0,0
2019-08-25,67,46,48,56.5,-10,0,0,0
2019-08-26,73,48,50,60.5,-5.8,0,0,0
2019-08-27,73,50,60,61.5,-4.6,0,0,0
2019-08-28,69,59,65,64,-1.9,0.01,0,0
2019-08-29,68,52,53,60,-5.7,0.91,0,0
2019-08-30,74,53,60,63.5,-2,0,0,0
2019-08-31,76,46,47,61,-4.3,0,0,0
2019-09-01,70,47,52,58.5,-6.5,0,0,0
2019-09-02,70,52,62,61,-3.8,0.62,0,0
2019-09-03,70,52,54,61,-3.5,0,0,0
2019-09-04,76,54,67,65,0.8,Trace,0,0
2019-09-05,77,47,48,62,-1.9,0.23,0,0
2019-09-06,71,44,47,57.5,-6.1,0,0,0
2019-09-07,72,46,57,59,-4.3,Trace,0,0
2019-09-08,66,52,55,59,-4,0.02,0,0
2019-09-09,69,46,46,57.5,-5.2,0,0,0
2019-09-10,67,45,47,56,-6.3,0,0,0
2019-09-11,80,47,66,63.5,1.5,0.26,0,0
2019-09-12,83,60,60,71.5,9.9,0.02,0,0
2019-09-13,62,45,51,53.5,-7.7,0.09,0,0
2019-09-14,64,51,58,57.5,-3.4,0.01,0,0
2019-09-15,69,47,47,58,-2.5,0,0,0
2019-09-16,74,47,59,60.5,0.4,0.1,0,0
2019-09-17,70,42,42,56,-3.7,0,0,0
2019-09-18,70,39,41,54.5,-4.8,0,0,0
2019-09-19,71,41,48,56,-2.9,0,0,0
2019-09-20,70,42,42,56,-2.5,0,0,0
2019-09-21,75,42,47,58.5,0.4,0,0,0
2019-09-22,81,47,57,64,6.4,0,0,0
2019-09-23,85,57,67,71,13.8,0,0,0
2019-09-24,77,54,57,65.5,8.7,0.22,0,0
2019-09-25,65,44,44,54.5,-1.9,0.01,0,0
2019-09-26,76,44,61,60,4.1,0,0,0
2019-09-27,68,42,42,55,-0.5,0.12,0,0
2019-09-28,71,42,63,56.5,1.4,0,0,0
2019-09-29,80,56,56,68,13.3,0.08,0,0
2019-09-30,63,48,51,55.5,1.2,0,0,0
2019-10-01,63,51,63,57,3.1,0.04,0,0
2019-10-02,86,63,64,74.5,21,0.26,0,0
2019-10-03,71,48,48,59.5,6.4,0.21,0,0
2019-10-04,58,46,47,52,-0.7,0.78,0,0
2019-10-05,47,30,30,38.5,-13.8,0,0,0
2019-10-06,58,29,51,43.5,-8.4,0,0,0
2019-10-07,62,51,52,56.5,5,0.66,0,0
2019-10-08,56,43,43,49.5,-1.6,0.37,0,0
2019-10-09,63,36,38,49.5,-1.3,0,0,0
2019-10-10,60,35,37,47.5,-2.9,0,0,0
2019-10-11,63,33,33,48,-2.1,0,0,0
2019-10-12,69,33,47,51,1.3,0,0,0
2019-10-13,53,31,31,42,-7.4,0.1,0,0
2019-10-14,62,31,48,46.5,-2.5,0,0,0
2019-10-15,57,34,34,45.5,-3.2,0,0,0
2019-10-16,59,34,50,46.5,-1.9,0,0,0
2019-10-17,60,42,44,51,2.9,1.09,0,0
2019-10-18,45,41,41,43,-4.8,0.6,0,0
2019-10-19,48,28,28,38,-9.5,0.02,0,0
2019-10-20,58,28,46,43,-4.2,0,0,0
2019-10-21,59,38,39,48.5,1.6,Trace,0,0
2019-10-22,63,39,55,51,4.4,0,0,0
2019-10-23,57,39,40,48,1.6,0.59,0,0
2019-10-24,59,36,44,47.5,1.4,0,0,0
2019-10-25,69,40,43,54.5,8.7,0,0,0
2019-10-26,52,38,38,45,-0.6,0.03,0,0
2019-10-27,56,38,49,47,1.7,0.13,0,0
2019-10-28,62,49,50,55.5,10.5,0.3,0,0
2019-10-29,65,49,52,57,12.2,0,0,0
2019-10-30,63,52,54,57.5,13,0,0,0
2019-10-31,58,54,58,56,11.7,0.17,0,0
2019-11-01,68,39,40,53.5,9.5,1.52,0,0
2019-11-02,41,35,36,38,-5.7,0,0,0
2019-11-03,48,31,37,39.5,-4,0,0,0
2019-11-04,41,31,35,36,-7.2,0.02,0,0
2019-11-05,49,35,46,42,-0.9,Trace,0,0
2019-11-06,48,33,36,40.5,-2.2,0.09,0,0
2019-11-07,46,36,43,41,-1.4,0,0,0
2019-11-08,45,23,25,34,-8.1,0.19,1.4,1
2019-11-09,27,15,17,21,-20.8,0.02,0.4,1
2019-11-10,35,17,32,26,-15.5,0,0,0
2019-11-11,47,32,34,39.5,-1.7,0.01,0,0
2019-11-12,34,21,22,27.5,-13.4,0.21,1.1,1
2019-11-13,24,15,16,19.5,-21.1,0.03,1.1,2
2019-11-14,26,15,25,20.5,-19.8,0.01,Trace,1
2019-11-15,33,20,23,26.5,-13.5,0,0,1
2019-11-16,42,18,18,30,-9.7,0,0,0
2019-11-17,31,15,16,23,-16.3,0,0,0
2019-11-18,38,16,33,27,-12,0,0,0
2019-11-19,41,27,32,34,-4.6,0,0,0
2019-11-20,40,32,35,36,-2.3,0,0,0
2019-11-21,39,34,34,36.5,-1.4,Trace,0,0
2019-11-22,48,34,45,41,3.4,Trace,0,0
2019-11-23,45,22,22,33.5,-3.7,0.03,0,0
2019-11-24,41,22,35,31.5,-5.3,0.16,0,0
2019-11-25,42,27,40,34.5,-1.9,0,0,0
2019-11-26,47,38,38,42.5,6.5,0,0,0
2019-11-27,60,31,46,45.5,9.8,0,0,0
2019-11-28,57,36,39,46.5,11.2,0.16,0,0
2019-11-29,39,25,26,32,-2.9,0.08,Trace,Trace
2019-11-30,27,23,24,25,-9.5,Trace,0,0
2019-12-01,29,16,23,22.5,-11.6,0,0,0
2019-12-02,30,23,28,26.5,-7.2,0.76,7.5,8
2019-12-03,31,22,23,26.5,-6.8,0.21,3.5,11
2019-12-04,31,23,31,27,-5.9,Trace,Trace,10
2019-12-05,35,30,30,32.5,0,0.05,0.7,9
2019-12-06,32,26,29,29,-3.1,Trace,Trace,8
2019-12-07,36,25,25,30.5,-1.2,0.01,Trace,7
2019-12-08,29,6,18,17.5,-13.8,0,0,6
2019-12-09,39,18,38,28.5,-2.4,Trace,0,5
2019-12-10,47,37,45,42,11.5,0.17,0,0
2019-12-11,49,22,23,35.5,5.4,0.05,0.1,Trace
2019-12-12,33,12,12,22.5,-7.2,0,0,0
2019-12-13,30,12,30,21,-8.4,0,0,0
2019-12-14,43,30,39,36.5,7.5,0.05,0,0
2019-12-15,43,32,35,37.5,8.8,0.82,Trace,Trace
2019-12-16,35,23,24,29,0.7,0.01,0.1,Trace
2019-12-17,31,24,26,27.5,-0.5,0.16,1.9,2
2019-12-18,29,19,23,24,-3.7,0.2,2,4
2019-12-19,27,8,9,17.5,-9.8,0.02,0.5,4
2019-12-20,16,7,12,11.5,-15.5,0,0,3
2019-12-21,20,3,6,11.5,-15.2,0,0,2
2019-12-22,29,6,16,17.5,-8.9,0,0,2
2019-12-23,46,16,31,31,4.8,0,0,2
2019-12-24,53,30,31,41.5,15.6,0,0,1
2019-12-25,34,17,29,25.5,-0.2,0,0,1
2019-12-26,43,27,31,35,9.6,0,0,Trace
2019-12-27,42,30,41,36,10.8,0.01,0,0
2019-12-28,52,36,36,44,19,0,0,0
2019-12-29,42,23,26,32.5,7.7,0,0,0
2019-12-30,40,25,39,32.5,7.9,0.45,0,0
2019-12-31,42,35,35,38.5,14.1,0.31,0,0
